rollout轮数,结果,获胜者
r n b q k b n r
p p p p p p p p
. . . . . . . .
. . . . . . . .
. . . . . . . .
. . . . . . . N
P P P P P P P P
R N B Q K B . R,404,1/2-1/2,平局
r n b q k b n r
p p p p p p p p
. . . . . . . .
. . . . . . . .
. . . . . . . .
. . . . . N . .
P P P P P P P P
R N B Q K B . R,322,1/2-1/2,平局
r n b q k b n r
p p p p p p p p
. . . . . . . .
. . . . . . . .
. . . . . . . .
. . N . . . . .
P P P P P P P P
R . B Q K B N R,306,1/2-1/2,平局
r n b q k b n r
p p p p p p p p
. . . . . . . .
. . . . . . . .
. . . . . . . .
N . . . . . . .
P P P P P P P P
R . B Q K B N R,409,1/2-1/2,平局
r n b q k b n r
p p p p p p p p
. . . . . . . .
. . . . . . . .
. . . . . . . .
. . . . . . . P
P P P P P P P .
R N B Q K B N R,504,1/2-1/2,平局
r n b q k b n r
p p p p p p p p
. . . . . . . .
. . . . . . . .
. . . . . . . .
. . . . . . P .
P P P P P P . P
R N B Q K B N R,299,1/2-1/2,平局
r n b q k b n r
p p p p p p p p
. . . . . . . .
. . . . . . . .
. . . . . . . .
. . . . . P . .
P P P P P . P P
R N B Q K B N R,320,1/2-1/2,平局
r n b q k b n r
p p p p p p p p
. . . . . . . .
. . . . . . . .
. . . . . . . .
. . . . P . . .
P P P P . P P P
R N B Q K B N R,385,1/2-1/2,平局
r n b q k b n r
p p p p p p p p
. . . . . . . .
. . . . . . . .
. . . . . . . .
. . . P . . . .
P P P . P P P P
R N B Q K B N R,261,1/2-1/2,平局
r n b q k b n r
p p p p p p p p
. . . . . . . .
. . . . . . . .
. . . . . . . .
. . P . . . . .
P P . P P P P P
R N B Q K B N R,357,1/2-1/2,平局
r n b q k b n r
p p p p p p p p
. . . . . . . .
. . . . . . . .
. . . . . . . .
. P . . . . . .
P . P P P P P P
R N B Q K B N R,420,1/2-1/2,平局
r n b q k b n r
p p p p p p p p
. . . . . . . .
. . . . . . . .
. . . . . . . .
P . . . . . . .
. P P P P P P P
R N B Q K B N R,508,1/2-1/2,平局
r n b q k b n r
p p p p p p p p
. . . . . . . .
. . . . . . . .
. . . . . . . P
. . . . . . . .
P P P P P P P .
R N B Q K B N R,287,1/2-1/2,平局
r n b q k b n r
p p p p p p p p
. . . . . . . .
. . . . . . . .
. . . . . . P .
. . . . . . . .
P P P P P P . P
R N B Q K B N R,439,1/2-1/2,平局
r n b q k b n r
p p p p p p p p
. . . . . . . .
. . . . . . . .
. . . . . P . .
. . . . . . . .
P P P P P . P P
R N B Q K B N R,104,1-0,获胜者 1
r n b q k b n r
p p p p p p p p
. . . . . . . .
. . . . . . . .
. . . . P . . .
. . . . . . . .
P P P P . P P P
R N B Q K B N R,793,1/2-1/2,平局
r n b q k b . r
p p p p p p p p
. . . . . . . n
. . . . . . . .
. . . . . . . .
. . . . . . . N
P P P P P P P P
R N B Q K B . R,204,1/2-1/2,平局
r n b q k b . r
p p p p p p p p
. . . . . n . .
. . . . . . . .
. . . . . . . .
. . . . . . . N
P P P P P P P P
R N B Q K B . R,535,1/2-1/2,平局
r . b q k b n r
p p p p p p p p
. . n . . . . .
. . . . . . . .
. . . . . . . .
. . . . . . . N
P P P P P P P P
R N B Q K B . R,429,1/2-1/2,平局
r . b q k b n r
p p p p p p p p
n . . . . . . .
. . . . . . . .
. . . . . . . .
. . . . . . . N
P P P P P P P P
R N B Q K B . R,486,1/2-1/2,平局
r n b q k b n r
p p p p p p p .
. . . . . . . p
. . . . . . . .
. . . . . . . .
. . . . . . . N
P P P P P P P P
R N B Q K B . R,390,1/2-1/2,平局
r n b q k b n r
p p p p p p . p
. . . . . . p .
. . . . . . . .
. . . . . . . .
. . . . . . . N
P P P P P P P P
R N B Q K B . R,468,1/2-1/2,平局
r n b q k b n r
p p p p p . p p
. . . . . p . .
. . . . . . . .
. . . . . . . .
. . . . . . . N
P P P P P P P P
R N B Q K B . R,300,1/2-1/2,平局
r n b q k b n r
p p p p . p p p
. . . . p . . .
. . . . . . . .
. . . . . . . .
. . . . . . . N
P P P P P P P P
R N B Q K B . R,347,1/2-1/2,平局
r n b q k b n r
p p p . p p p p
. . . p . . . .
. . . . . . . .
. . . . . . . .
. . . . . . . N
P P P P P P P P
R N B Q K B . R,497,1/2-1/2,平局
r n b q k b n r
p p . p p p p p
. . p . . . . .
. . . . . . . .
. . . . . . . .
. . . . . . . N
P P P P P P P P
R N B Q K B . R,294,1/2-1/2,平局
r n b q k b n r
p . p p p p p p
. p . . . . . .
. . . . . . . .
. . . . . . . .
. . . . . . . N
P P P P P P P P
R N B Q K B . R,332,1/2-1/2,平局
r n b q k b n r
. p p p p p p p
p . . . . . . .
. . . . . . . .
. . . . . . . .
. . . . . . . N
P P P P P P P P
R N B Q K B . R,536,1/2-1/2,平局
r n b q k b n r
p p p p p p p .
. . . . . . . .
. . . . . . . p
. . . . . . . .
. . . . . . . N
P P P P P P P P
R N B Q K B . R,396,1/2-1/2,平局
r n b q k b . r
p p p p p p p p
. . . . . . . n
. . . . . . . .
. . . . . . . .
. . . . . N . .
P P P P P P P P
R N B Q K B . R,508,1/2-1/2,平局
r n b q k b . r
p p p p p p p p
. . . . . n . .
. . . . . . . .
. . . . . . . .
. . . . . N . .
P P P P P P P P
R N B Q K B . R,530,1/2-1/2,平局
r . b q k b n r
p p p p p p p p
. . n . . . . .
. . . . . . . .
. . . . . . . .
. . . . . N . .
P P P P P P P P
R N B Q K B . R,311,1/2-1/2,平局
r . b q k b n r
p p p p p p p p
n . . . . . . .
. . . . . . . .
. . . . . . . .
. . . . . N . .
P P P P P P P P
R N B Q K B . R,37,1-0,获胜者 1
r n b q k b n r
p p p p p p p .
. . . . . . . p
. . . . . . . .
. . . . . . . .
. . . . . N . .
P P P P P P P P
R N B Q K B . R,290,1/2-1/2,平局
r n b q k b n r
p p p p p p . p
. . . . . . p .
. . . . . . . .
. . . . . . . .
. . . . . N . .
P P P P P P P P
R N B Q K B . R,226,0-1,获胜者 -1
r n b q k b n r
p p p p p . p p
. . . . . p . .
. . . . . . . .
. . . . . . . .
. . . . . N . .
P P P P P P P P
R N B Q K B . R,380,1/2-1/2,平局
r n b q k b n r
p p p p . p p p
. . . . p . . .
. . . . . . . .
. . . . . . . .
. . . . . N . .
P P P P P P P P
R N B Q K B . R,514,1/2-1/2,平局
r n b q k b n r
p p p . p p p p
. . . p . . . .
. . . . . . . .
. . . . . . . .
. . . . . N . .
P P P P P P P P
R N B Q K B . R,381,1-0,获胜者 1
r n b q k b n r
p p . p p p p p
. . p . . . . .
. . . . . . . .
. . . . . . . .
. . . . . N . .
P P P P P P P P
R N B Q K B . R,208,1/2-1/2,平局
r n b q k b n r
p . p p p p p p
. p . . . . . .
. . . . . . . .
. . . . . . . .
. . . . . N . .
P P P P P P P P
R N B Q K B . R,306,1/2-1/2,平局
r n b q k b . r
p p p p p p p p
. . . . . . . n
. . . . . . . .
. . . . . . . .
. . N . . . . .
P P P P P P P P
R . B Q K B N R,519,1/2-1/2,平局
r n b q k b . r
p p p p p p p p
. . . . . n . .
. . . . . . . .
. . . . . . . .
. . N . . . . .
P P P P P P P P
R . B Q K B N R,350,1/2-1/2,平局
r . b q k b n r
p p p p p p p p
. . n . . . . .
. . . . . . . .
. . . . . . . .
. . N . . . . .
P P P P P P P P
R . B Q K B N R,198,0-1,获胜者 -1
r . b q k b n r
p p p p p p p p
n . . . . . . .
. . . . . . . .
. . . . . . . .
. . N . . . . .
P P P P P P P P
R . B Q K B N R,128,0-1,获胜者 -1
r n b q k b n r
p p p p p p p .
. . . . . . . p
. . . . . . . .
. . . . . . . .
. . N . . . . .
P P P P P P P P
R . B Q K B N R,420,1/2-1/2,平局
r n b q k b n r
p p p p p p . p
. . . . . . p .
. . . . . . . .
. . . . . . . .
. . N . . . . .
P P P P P P P P
R . B Q K B N R,340,1/2-1/2,平局
r n b q k b n r
p p p p p . p p
. . . . . p . .
. . . . . . . .
. . . . . . . .
. . N . . . . .
P P P P P P P P
R . B Q K B N R,324,1/2-1/2,平局
r n b q k b n r
p p p p . p p p
. . . . p . . .
. . . . . . . .
. . . . . . . .
. . N . . . . .
P P P P P P P P
R . B Q K B N R,198,0-1,获胜者 -1
r n b q k b n r
p p p . p p p p
. . . p . . . .
. . . . . . . .
. . . . . . . .
. . N . . . . .
P P P P P P P P
R . B Q K B N R,356,1/2-1/2,平局
r n b q k b n r
p p . p p p p p
. . p . . . . .
. . . . . . . .
. . . . . . . .
. . N . . . . .
P P P P P P P P
R . B Q K B N R,38,0-1,获胜者 -1
r n b q k b n r
p . p p p p p p
. p . . . . . .
. . . . . . . .
. . . . . . . .
. . N . . . . .
P P P P P P P P
R . B Q K B N R,292,1/2-1/2,平局
r n b q k b n r
. p p p p p p p
p . . . . . . .
. . . . . . . .
. . . . . . . .
. . N . . . . .
P P P P P P P P
R . B Q K B N R,427,1/2-1/2,平局
r n b q k b n r
p p p p p p p .
. . . . . . . .
. . . . . . . p
. . . . . . . .
. . N . . . . .
P P P P P P P P
R . B Q K B N R,270,1/2-1/2,平局
r n b q k b n r
p p p p p p . p
. . . . . . . .
. . . . . . p .
. . . . . . . .
. . N . . . . .
P P P P P P P P
R . B Q K B N R,276,1/2-1/2,平局
r n b q k b n r
p p p p p . p p
. . . . . . . .
. . . . . p . .
. . . . . . . .
. . N . . . . .
P P P P P P P P
R . B Q K B N R,478,1/2-1/2,平局
r n b q k b n r
p p p p . p p p
. . . . . . . .
. . . . p . . .
. . . . . . . .
. . N . . . . .
P P P P P P P P
R . B Q K B N R,419,1/2-1/2,平局
r n b q k b n r
p p p . p p p p
. . . . . . . .
. . . p . . . .
. . . . . . . .
. . N . . . . .
P P P P P P P P
R . B Q K B N R,286,1/2-1/2,平局
r n b q k b n r
p p . p p p p p
. . . . . . . .
. . p . . . . .
. . . . . . . .
. . N . . . . .
P P P P P P P P
R . B Q K B N R,296,1/2-1/2,平局
r n b q k b n r
p . p p p p p p
. . . . . . . .
. p . . . . . .
. . . . . . . .
. . N . . . . .
P P P P P P P P
R . B Q K B N R,309,1/2-1/2,平局
r n b q k b n r
. p p p p p p p
. . . . . . . .
p . . . . . . .
. . . . . . . .
. . N . . . . .
P P P P P P P P
R . B Q K B N R,405,1/2-1/2,平局
r n b q k b . r
p p p p p p p p
. . . . . . . n
. . . . . . . .
. . . . . . . .
N . . . . . . .
P P P P P P P P
R . B Q K B N R,445,1/2-1/2,平局
r n b q k b . r
p p p p p p p p
. . . . . n . .
. . . . . . . .
. . . . . . . .
N . . . . . . .
P P P P P P P P
R . B Q K B N R,176,0-1,获胜者 -1
r . b q k b n r
p p p p p p p p
. . n . . . . .
. . . . . . . .
. . . . . . . .
N . . . . . . .
P P P P P P P P
R . B Q K B N R,366,1/2-1/2,平局
r . b q k b n r
p p p p p p p p
n . . . . . . .
. . . . . . . .
. . . . . . . .
N . . . . . . .
P P P P P P P P
R . B Q K B N R,225,1/2-1/2,平局
r n b q k b n r
p p p p p p p .
. . . . . . . p
. . . . . . . .
. . . . . . . .
N . . . . . . .
P P P P P P P P
R . B Q K B N R,210,1/2-1/2,平局
r n b q k b n r
p p p p p p . p
. . . . . . p .
. . . . . . . .
. . . . . . . .
N . . . . . . .
P P P P P P P P
R . B Q K B N R,254,1/2-1/2,平局
r n b q k b n r
p p p p p . p p
. . . . . p . .
. . . . . . . .
. . . . . . . .
N . . . . . . .
P P P P P P P P
R . B Q K B N R,516,1/2-1/2,平局
r n b q k b n r
p p p p . p p p
. . . . p . . .
. . . . . . . .
. . . . . . . .
N . . . . . . .
P P P P P P P P
R . B Q K B N R,123,1-0,获胜者 1
r n b q k b n r
p p p . p p p p
. . . p . . . .
. . . . . . . .
. . . . . . . .
N . . . . . . .
P P P P P P P P
R . B Q K B N R,255,1/2-1/2,平局
r n b q k b n r
p p . p p p p p
. . p . . . . .
. . . . . . . .
. . . . . . . .
N . . . . . . .
P P P P P P P P
R . B Q K B N R,460,1/2-1/2,平局
r n b q k b n r
p . p p p p p p
. p . . . . . .
. . . . . . . .
. . . . . . . .
N . . . . . . .
P P P P P P P P
R . B Q K B N R,230,1/2-1/2,平局
r n b q k b n r
. p p p p p p p
p . . . . . . .
. . . . . . . .
. . . . . . . .
N . . . . . . .
P P P P P P P P
R . B Q K B N R,232,0-1,获胜者 -1
r n b q k b n r
p p p p p p p .
. . . . . . . .
. . . . . . . p
. . . . . . . .
N . . . . . . .
P P P P P P P P
R . B Q K B N R,383,1/2-1/2,平局
r n b q k b n r
p p p p p p . p
. . . . . . . .
. . . . . . p .
. . . . . . . .
N . . . . . . .
P P P P P P P P
R . B Q K B N R,533,1/2-1/2,平局
r n b q k b n r
p p p p p . p p
. . . . . . . .
. . . . . p . .
. . . . . . . .
N . . . . . . .
P P P P P P P P
R . B Q K B N R,314,1/2-1/2,平局
r n b q k b n r
p p p p . p p p
. . . . . . . .
. . . . p . . .
. . . . . . . .
N . . . . . . .
P P P P P P P P
R . B Q K B N R,423,1/2-1/2,平局
r n b q k b . r
p p p p p p p p
. . . . . . . n
. . . . . . . .
. . . . . . . .
. . . . . . . P
P P P P P P P .
R N B Q K B N R,264,1/2-1/2,平局
r n b q k b . r
p p p p p p p p
. . . . . n . .
. . . . . . . .
. . . . . . . .
. . . . . . . P
P P P P P P P .
R N B Q K B N R,536,1/2-1/2,平局
r . b q k b n r
p p p p p p p p
. . n . . . . .
. . . . . . . .
. . . . . . . .
. . . . . . . P
P P P P P P P .
R N B Q K B N R,459,1/2-1/2,平局
r . b q k b n r
p p p p p p p p
n . . . . . . .
. . . . . . . .
. . . . . . . .
. . . . . . . P
P P P P P P P .
R N B Q K B N R,467,1/2-1/2,平局
r n b q k b n r
p p p p p p p .
. . . . . . . p
. . . . . . . .
. . . . . . . .
. . . . . . . P
P P P P P P P .
R N B Q K B N R,418,1/2-1/2,平局
r n b q k b n r
p p p p p p . p
. . . . . . p .
. . . . . . . .
. . . . . . . .
. . . . . . . P
P P P P P P P .
R N B Q K B N R,136,0-1,获胜者 -1
r n b q k b n r
p p p p p . p p
. . . . . p . .
. . . . . . . .
. . . . . . . .
. . . . . . . P
P P P P P P P .
R N B Q K B N R,132,0-1,获胜者 -1
r n b q k b n r
p p p p . p p p
. . . . p . . .
. . . . . . . .
. . . . . . . .
. . . . . . . P
P P P P P P P .
R N B Q K B N R,339,1/2-1/2,平局
r n b q k b n r
p p p . p p p p
. . . p . . . .
. . . . . . . .
. . . . . . . .
. . . . . . . P
P P P P P P P .
R N B Q K B N R,472,1/2-1/2,平局
r n b q k b n r
p p . p p p p p
. . p . . . . .
. . . . . . . .
. . . . . . . .
. . . . . . . P
P P P P P P P .
R N B Q K B N R,448,1/2-1/2,平局
r n b q k b n r
p . p p p p p p
. p . . . . . .
. . . . . . . .
. . . . . . . .
. . . . . . . P
P P P P P P P .
R N B Q K B N R,304,1/2-1/2,平局
r n b q k b n r
. p p p p p p p
p . . . . . . .
. . . . . . . .
. . . . . . . .
. . . . . . . P
P P P P P P P .
R N B Q K B N R,393,1/2-1/2,平局
r n b q k b . r
p p p p p p p p
. . . . . . . n
. . . . . . . .
. . . . . . . .
. . . . . . P .
P P P P P P . P
R N B Q K B N R,607,1/2-1/2,平局
r n b q k b . r
p p p p p p p p
. . . . . n . .
. . . . . . . .
. . . . . . . .
. . . . . . P .
P P P P P P . P
R N B Q K B N R,297,1/2-1/2,平局
r . b q k b n r
p p p p p p p p
. . n . . . . .
. . . . . . . .
. . . . . . . .
. . . . . . P .
P P P P P P . P
R N B Q K B N R,327,1/2-1/2,平局
r . b q k b n r
p p p p p p p p
n . . . . . . .
. . . . . . . .
. . . . . . . .
. . . . . . P .
P P P P P P . P
R N B Q K B N R,54,0-1,获胜者 -1
r n b q k b n r
p p p p p p p .
. . . . . . . p
. . . . . . . .
. . . . . . . .
. . . . . . P .
P P P P P P . P
R N B Q K B N R,462,1/2-1/2,平局
r n b q k b n r
p p p p p p . p
. . . . . . p .
. . . . . . . .
. . . . . . . .
. . . . . . P .
P P P P P P . P
R N B Q K B N R,265,1/2-1/2,平局
r n b q k b n r
p p p p p . p p
. . . . . p . .
. . . . . . . .
. . . . . . . .
. . . . . . P .
P P P P P P . P
R N B Q K B N R,451,1/2-1/2,平局
r n b q k b n r
p p p p . p p p
. . . . p . . .
. . . . . . . .
. . . . . . . .
. . . . . . P .
P P P P P P . P
R N B Q K B N R,379,1/2-1/2,平局
r n b q k b n r
p p p . p p p p
. . . p . . . .
. . . . . . . .
. . . . . . . .
. . . . . . P .
P P P P P P . P
R N B Q K B N R,288,1/2-1/2,平局
r n b q k b n r
p p . p p p p p
. . p . . . . .
. . . . . . . .
. . . . . . . .
. . . . . . P .
P P P P P P . P
R N B Q K B N R,359,1/2-1/2,平局
r n b q k b n r
p . p p p p p p
. p . . . . . .
. . . . . . . .
. . . . . . . .
. . . . . . P .
P P P P P P . P
R N B Q K B N R,419,1/2-1/2,平局
r n b q k b . r
p p p p p p p p
. . . . . . . n
. . . . . . . .
. . . . . . . .
. . . . . P . .
P P P P P . P P
R N B Q K B N R,464,1/2-1/2,平局
r n b q k b . r
p p p p p p p p
. . . . . n . .
. . . . . . . .
. . . . . . . .
. . . . . P . .
P P P P P . P P
R N B Q K B N R,300,1/2-1/2,平局
r . b q k b n r
p p p p p p p p
. . n . . . . .
. . . . . . . .
. . . . . . . .
. . . . . P . .
P P P P P . P P
R N B Q K B N R,247,1/2-1/2,平局
r . b q k b n r
p p p p p p p p
n . . . . . . .
. . . . . . . .
. . . . . . . .
. . . . . P . .
P P P P P . P P
R N B Q K B N R,377,1/2-1/2,平局
r n b q k b n r
p p p p p p p .
. . . . . . . p
. . . . . . . .
. . . . . . . .
. . . . . P . .
P P P P P . P P
R N B Q K B N R,383,1/2-1/2,平局
r n b q k b n r
p p p p p p . p
. . . . . . p .
. . . . . . . .
. . . . . . . .
. . . . . P . .
P P P P P . P P
R N B Q K B N R,407,1/2-1/2,平局
r n b q k b n r
p p p p p . p p
. . . . . p . .
. . . . . . . .
. . . . . . . .
. . . . . P . .
P P P P P . P P
R N B Q K B N R,384,1/2-1/2,平局
r n b q k b n r
p p p p . p p p
. . . . p . . .
. . . . . . . .
. . . . . . . .
. . . . . P . .
P P P P P . P P
R N B Q K B N R,143,1-0,获胜者 1
r n b q k b n r
p p p . p p p p
. . . p . . . .
. . . . . . . .
. . . . . . . .
. . . . . P . .
P P P P P . P P
R N B Q K B N R,416,1/2-1/2,平局
r n b q k b n r
p p . p p p p p
. . p . . . . .
. . . . . . . .
. . . . . . . .
. . . . . P . .
P P P P P . P P
R N B Q K B N R,418,1/2-1/2,平局
r n b q k b n r
p . p p p p p p
. p . . . . . .
. . . . . . . .
. . . . . . . .
. . . . . P . .
P P P P P . P P
R N B Q K B N R,269,1/2-1/2,平局
r n b q k b . r
p p p p p p p p
. . . . . . . n
. . . . . . . .
. . . . . . . .
. . . . P . . .
P P P P . P P P
R N B Q K B N R,287,1/2-1/2,平局
r n b q k b . r
p p p p p p p p
. . . . . n . .
. . . . . . . .
. . . . . . . .
. . . . P . . .
P P P P . P P P
R N B Q K B N R,377,1/2-1/2,平局
r . b q k b n r
p p p p p p p p
. . n . . . . .
. . . . . . . .
. . . . . . . .
. . . . P . . .
P P P P . P P P
R N B Q K B N R,313,1/2-1/2,平局
r . b q k b n r
p p p p p p p p
n . . . . . . .
. . . . . . . .
. . . . . . . .
. . . . P . . .
P P P P . P P P
R N B Q K B N R,516,1/2-1/2,平局
r n b q k b n r
p p p p p p p .
. . . . . . . p
. . . . . . . .
. . . . . . . .
. . . . P . . .
P P P P . P P P
R N B Q K B N R,480,1/2-1/2,平局
r n b q k b n r
p p p p p p . p
. . . . . . p .
. . . . . . . .
. . . . . . . .
. . . . P . . .
P P P P . P P P
R N B Q K B N R,104,0-1,获胜者 -1
r n b q k b n r
p p p p p . p p
. . . . . p . .
. . . . . . . .
. . . . . . . .
. . . . P . . .
P P P P . P P P
R N B Q K B N R,410,1/2-1/2,平局
r n b q k b n r
p p p p . p p p
. . . . p . . .
. . . . . . . .
. . . . . . . .
. . . . P . . .
P P P P . P P P
R N B Q K B N R,470,1/2-1/2,平局
r n b q k b n r
p p p . p p p p
. . . p . . . .
. . . . . . . .
. . . . . . . .
. . . . P . . .
P P P P . P P P
R N B Q K B N R,362,1/2-1/2,平局
r n b q k b n r
p p . p p p p p
. . p . . . . .
. . . . . . . .
. . . . . . . .
. . . . P . . .
P P P P . P P P
R N B Q K B N R,271,1/2-1/2,平局
r n b q k b n r
p . p p p p p p
. p . . . . . .
. . . . . . . .
. . . . . . . .
. . . . P . . .
P P P P . P P P
R N B Q K B N R,412,1/2-1/2,平局
r n b q k b . r
p p p p p p p p
. . . . . . . n
. . . . . . . .
. . . . . . . .
. . . P . . . .
P P P . P P P P
R N B Q K B N R,377,1/2-1/2,平局
r n b q k b . r
p p p p p p p p
. . . . . n . .
. . . . . . . .
. . . . . . . .
. . . P . . . .
P P P . P P P P
R N B Q K B N R,377,1/2-1/2,平局
r . b q k b n r
p p p p p p p p
. . n . . . . .
. . . . . . . .
. . . . . . . .
. . . P . . . .
P P P . P P P P
R N B Q K B N R,357,1/2-1/2,平局
r . b q k b n r
p p p p p p p p
n . . . . . . .
. . . . . . . .
. . . . . . . .
. . . P . . . .
P P P . P P P P
R N B Q K B N R,447,1/2-1/2,平局
r n b q k b n r
p p p p p p p .
. . . . . . . p
. . . . . . . .
. . . . . . . .
. . . P . . . .
P P P . P P P P
R N B Q K B N R,204,1/2-1/2,平局
r n b q k b n r
p p p p p p . p
. . . . . . p .
. . . . . . . .
. . . . . . . .
. . . P . . . .
P P P . P P P P
R N B Q K B N R,489,1/2-1/2,平局
r n b q k b n r
p p p p p . p p
. . . . . p . .
. . . . . . . .
. . . . . . . .
. . . P . . . .
P P P . P P P P
R N B Q K B N R,340,1/2-1/2,平局
r n b q k b n r
p p p p . p p p
. . . . p . . .
. . . . . . . .
. . . . . . . .
. . . P . . . .
P P P . P P P P
R N B Q K B N R,331,1/2-1/2,平局
r n b q k b n r
p p p . p p p p
. . . p . . . .
. . . . . . . .
. . . . . . . .
. . . P . . . .
P P P . P P P P
R N B Q K B N R,252,1/2-1/2,平局
r n b q k b n r
p p . p p p p p
. . p . . . . .
. . . . . . . .
. . . . . . . .
. . . P . . . .
P P P . P P P P
R N B Q K B N R,352,1/2-1/2,平局
r n b q k b n r
p . p p p p p p
. p . . . . . .
. . . . . . . .
. . . . . . . .
. . . P . . . .
P P P . P P P P
R N B Q K B N R,334,1/2-1/2,平局
r n b q k b n r
. p p p p p p p
p . . . . . . .
. . . . . . . .
. . . . . . . .
. . . P . . . .
P P P . P P P P
R N B Q K B N R,144,0-1,获胜者 -1
r n b q k b n r
p p p p p p p .
. . . . . . . .
. . . . . . . p
. . . . . . . .
. . . P . . . .
P P P . P P P P
R N B Q K B N R,476,1/2-1/2,平局
r n b q k b n r
p p p p p p . p
. . . . . . . .
. . . . . . p .
. . . . . . . .
. . . P . . . .
P P P . P P P P
R N B Q K B N R,403,1/2-1/2,平局
r n b q k b . r
p p p p p p p p
. . . . . . . n
. . . . . . . .
. . . . . . . .
. . P . . . . .
P P . P P P P P
R N B Q K B N R,61,1-0,获胜者 1
r n b q k b . r
p p p p p p p p
. . . . . n . .
. . . . . . . .
. . . . . . . .
. . P . . . . .
P P . P P P P P
R N B Q K B N R,261,1/2-1/2,平局
r . b q k b n r
p p p p p p p p
. . n . . . . .
. . . . . . . .
. . . . . . . .
. . P . . . . .
P P . P P P P P
R N B Q K B N R,547,1/2-1/2,平局
r . b q k b n r
p p p p p p p p
n . . . . . . .
. . . . . . . .
. . . . . . . .
. . P . . . . .
P P . P P P P P
R N B Q K B N R,597,1/2-1/2,平局
r n b q k b n r
p p p p p p p .
. . . . . . . p
. . . . . . . .
. . . . . . . .
. . P . . . . .
P P . P P P P P
R N B Q K B N R,556,1/2-1/2,平局
r n b q k b n r
p p p p p p . p
. . . . . . p .
. . . . . . . .
. . . . . . . .
. . P . . . . .
P P . P P P P P
R N B Q K B N R,31,1-0,获胜者 1
r n b q k b n r
p p p p p . p p
. . . . . p . .
. . . . . . . .
. . . . . . . .
. . P . . . . .
P P . P P P P P
R N B Q K B N R,193,1/2-1/2,平局
r n b q k b n r
p p p p . p p p
. . . . p . . .
. . . . . . . .
. . . . . . . .
. . P . . . . .
P P . P P P P P
R N B Q K B N R,352,1/2-1/2,平局
r n b q k b n r
p p p . p p p p
. . . p . . . .
. . . . . . . .
. . . . . . . .
. . P . . . . .
P P . P P P P P
R N B Q K B N R,653,1/2-1/2,平局
r n b q k b n r
p p . p p p p p
. . p . . . . .
. . . . . . . .
. . . . . . . .
. . P . . . . .
P P . P P P P P
R N B Q K B N R,317,1-0,获胜者 1
r n b q k b n r
p . p p p p p p
. p . . . . . .
. . . . . . . .
. . . . . . . .
. . P . . . . .
P P . P P P P P
R N B Q K B N R,314,1/2-1/2,平局
r n b q k b n r
. p p p p p p p
p . . . . . . .
. . . . . . . .
. . . . . . . .
. . P . . . . .
P P . P P P P P
R N B Q K B N R,374,1/2-1/2,平局
r n b q k b n r
p p p p p p p .
. . . . . . . .
. . . . . . . p
. . . . . . . .
. . P . . . . .
P P . P P P P P
R N B Q K B N R,309,1/2-1/2,平局
r n b q k b n r
p p p p p p . p
. . . . . . . .
. . . . . . p .
. . . . . . . .
. . P . . . . .
P P . P P P P P
R N B Q K B N R,106,0-1,获胜者 -1
r n b q k b n r
p p p p p . p p
. . . . . . . .
. . . . . p . .
. . . . . . . .
. . P . . . . .
P P . P P P P P
R N B Q K B N R,233,1-0,获胜者 1
r n b q k b n r
p p p p . p p p
. . . . . . . .
. . . . p . . .
. . . . . . . .
. . P . . . . .
P P . P P P P P
R N B Q K B N R,263,1-0,获胜者 1
r n b q k b . r
p p p p p p p p
. . . . . . . n
. . . . . . . .
. . . . . . . .
. P . . . . . .
P . P P P P P P
R N B Q K B N R,292,1/2-1/2,平局
r n b q k b . r
p p p p p p p p
. . . . . n . .
. . . . . . . .
. . . . . . . .
. P . . . . . .
P . P P P P P P
R N B Q K B N R,364,1/2-1/2,平局
r . b q k b n r
p p p p p p p p
. . n . . . . .
. . . . . . . .
. . . . . . . .
. P . . . . . .
P . P P P P P P
R N B Q K B N R,503,1/2-1/2,平局
r . b q k b n r
p p p p p p p p
n . . . . . . .
. . . . . . . .
. . . . . . . .
. P . . . . . .
P . P P P P P P
R N B Q K B N R,462,1/2-1/2,平局
r n b q k b n r
p p p p p p p .
. . . . . . . p
. . . . . . . .
. . . . . . . .
. P . . . . . .
P . P P P P P P
R N B Q K B N R,479,1/2-1/2,平局
r n b q k b n r
p p p p p p . p
. . . . . . p .
. . . . . . . .
. . . . . . . .
. P . . . . . .
P . P P P P P P
R N B Q K B N R,161,1-0,获胜者 1
r n b q k b n r
p p p p p . p p
. . . . . p . .
. . . . . . . .
. . . . . . . .
. P . . . . . .
P . P P P P P P
R N B Q K B N R,368,1/2-1/2,平局
r n b q k b n r
p p p p . p p p
. . . . p . . .
. . . . . . . .
. . . . . . . .
. P . . . . . .
P . P P P P P P
R N B Q K B N R,173,1-0,获胜者 1
r n b q k b n r
p p p . p p p p
. . . p . . . .
. . . . . . . .
. . . . . . . .
. P . . . . . .
P . P P P P P P
R N B Q K B N R,107,1-0,获胜者 1
r n b q k b n r
p p . p p p p p
. . p . . . . .
. . . . . . . .
. . . . . . . .
. P . . . . . .
P . P P P P P P
R N B Q K B N R,342,1/2-1/2,平局
r n b q k b n r
p . p p p p p p
. p . . . . . .
. . . . . . . .
. . . . . . . .
. P . . . . . .
P . P P P P P P
R N B Q K B N R,334,1/2-1/2,平局
r n b q k b n r
. p p p p p p p
p . . . . . . .
. . . . . . . .
. . . . . . . .
. P . . . . . .
P . P P P P P P
R N B Q K B N R,400,1/2-1/2,平局
r n b q k b n r
p p p p p p p .
. . . . . . . .
. . . . . . . p
. . . . . . . .
. P . . . . . .
P . P P P P P P
R N B Q K B N R,247,1/2-1/2,平局
r n b q k b n r
p p p p p p . p
. . . . . . . .
. . . . . . p .
. . . . . . . .
. P . . . . . .
P . P P P P P P
R N B Q K B N R,100,0-1,获胜者 -1
r n b q k b n r
p p p p p . p p
. . . . . . . .
. . . . . p . .
. . . . . . . .
. P . . . . . .
P . P P P P P P
R N B Q K B N R,329,1/2-1/2,平局
r n b q k b n r
p p p p . p p p
. . . . . . . .
. . . . p . . .
. . . . . . . .
. P . . . . . .
P . P P P P P P
R N B Q K B N R,335,1/2-1/2,平局
r n b q k b n r
p p p . p p p p
. . . . . . . .
. . . p . . . .
. . . . . . . .
. P . . . . . .
P . P P P P P P
R N B Q K B N R,419,1/2-1/2,平局
r n b q k b n r
p p . p p p p p
. . . . . . . .
. . p . . . . .
. . . . . . . .
. P . . . . . .
P . P P P P P P
R N B Q K B N R,468,1/2-1/2,平局
r n b q k b . r
p p p p p p p p
. . . . . . . n
. . . . . . . .
. . . . . . . .
P . . . . . . .
. P P P P P P P
R N B Q K B N R,293,1-0,获胜者 1
r n b q k b . r
p p p p p p p p
. . . . . n . .
. . . . . . . .
. . . . . . . .
P . . . . . . .
. P P P P P P P
R N B Q K B N R,467,1/2-1/2,平局
r . b q k b n r
p p p p p p p p
. . n . . . . .
. . . . . . . .
. . . . . . . .
P . . . . . . .
. P P P P P P P
R N B Q K B N R,267,1-0,获胜者 1
r . b q k b n r
p p p p p p p p
n . . . . . . .
. . . . . . . .
. . . . . . . .
P . . . . . . .
. P P P P P P P
R N B Q K B N R,176,0-1,获胜者 -1
r n b q k b n r
p p p p p p p .
. . . . . . . p
. . . . . . . .
. . . . . . . .
P . . . . . . .
. P P P P P P P
R N B Q K B N R,428,1/2-1/2,平局
r n b q k b n r
p p p p p p . p
. . . . . . p .
. . . . . . . .
. . . . . . . .
P . . . . . . .
. P P P P P P P
R N B Q K B N R,391,1/2-1/2,平局
r n b q k b n r
p p p p p . p p
. . . . . p . .
. . . . . . . .
. . . . . . . .
P . . . . . . .
. P P P P P P P
R N B Q K B N R,450,1/2-1/2,平局
r n b q k b n r
p p p p . p p p
. . . . p . . .
. . . . . . . .
. . . . . . . .
P . . . . . . .
. P P P P P P P
R N B Q K B N R,429,1/2-1/2,平局
r n b q k b n r
p p p . p p p p
. . . p . . . .
. . . . . . . .
. . . . . . . .
P . . . . . . .
. P P P P P P P
R N B Q K B N R,338,1/2-1/2,平局
r n b q k b n r
p p . p p p p p
. . p . . . . .
. . . . . . . .
. . . . . . . .
P . . . . . . .
. P P P P P P P
R N B Q K B N R,575,1/2-1/2,平局
r n b q k b n r
p . p p p p p p
. p . . . . . .
. . . . . . . .
. . . . . . . .
P . . . . . . .
. P P P P P P P
R N B Q K B N R,414,1/2-1/2,平局
r n b q k b n r
. p p p p p p p
p . . . . . . .
. . . . . . . .
. . . . . . . .
P . . . . . . .
. P P P P P P P
R N B Q K B N R,576,1/2-1/2,平局
r n b q k b n r
p p p p p p p .
. . . . . . . .
. . . . . . . p
. . . . . . . .
P . . . . . . .
. P P P P P P P
R N B Q K B N R,328,1/2-1/2,平局
r n b q k b n r
p p p p p p . p
. . . . . . . .
. . . . . . p .
. . . . . . . .
P . . . . . . .
. P P P P P P P
R N B Q K B N R,292,1/2-1/2,平局
r n b q k b . r
p p p p p p p p
. . . . . . . n
. . . . . . . .
. . . . . . . P
. . . . . . . .
P P P P P P P .
R N B Q K B N R,39,1-0,获胜者 1
r n b q k b . r
p p p p p p p p
. . . . . n . .
. . . . . . . .
. . . . . . . P
. . . . . . . .
P P P P P P P .
R N B Q K B N R,366,1/2-1/2,平局
r . b q k b n r
p p p p p p p p
. . n . . . . .
. . . . . . . .
. . . . . . . P
. . . . . . . .
P P P P P P P .
R N B Q K B N R,396,1/2-1/2,平局
r . b q k b n r
p p p p p p p p
n . . . . . . .
. . . . . . . .
. . . . . . . P
. . . . . . . .
P P P P P P P .
R N B Q K B N R,457,1/2-1/2,平局
r n b q k b n r
p p p p p p p .
. . . . . . . p
. . . . . . . .
. . . . . . . P
. . . . . . . .
P P P P P P P .
R N B Q K B N R,469,1/2-1/2,平局
r n b q k b n r
p p p p p p . p
. . . . . . p .
. . . . . . . .
. . . . . . . P
. . . . . . . .
P P P P P P P .
R N B Q K B N R,524,1/2-1/2,平局
r n b q k b n r
p p p p p . p p
. . . . . p . .
. . . . . . . .
. . . . . . . P
. . . . . . . .
P P P P P P P .
R N B Q K B N R,399,1/2-1/2,平局
r n b q k b n r
p p p p . p p p
. . . . p . . .
. . . . . . . .
. . . . . . . P
. . . . . . . .
P P P P P P P .
R N B Q K B N R,369,1/2-1/2,平局
r n b q k b n r
p p p . p p p p
. . . p . . . .
. . . . . . . .
. . . . . . . P
. . . . . . . .
P P P P P P P .
R N B Q K B N R,206,0-1,获胜者 -1
r n b q k b n r
p p . p p p p p
. . p . . . . .
. . . . . . . .
. . . . . . . P
. . . . . . . .
P P P P P P P .
R N B Q K B N R,244,1/2-1/2,平局
r n b q k b n r
p . p p p p p p
. p . . . . . .
. . . . . . . .
. . . . . . . P
. . . . . . . .
P P P P P P P .
R N B Q K B N R,266,1/2-1/2,平局
r n b q k b n r
. p p p p p p p
p . . . . . . .
. . . . . . . .
. . . . . . . P
. . . . . . . .
P P P P P P P .
R N B Q K B N R,360,1/2-1/2,平局
r n b q k b n r
p p p p p p p .
. . . . . . . .
. . . . . . . p
. . . . . . . P
. . . . . . . .
P P P P P P P .
R N B Q K B N R,266,1/2-1/2,平局
r n b q k b n r
p p p p p p . p
. . . . . . . .
. . . . . . p .
. . . . . . . P
. . . . . . . .
P P P P P P P .
R N B Q K B N R,406,1/2-1/2,平局
r n b q k b n r
p p p p p . p p
. . . . . . . .
. . . . . p . .
. . . . . . . P
. . . . . . . .
P P P P P P P .
R N B Q K B N R,383,1/2-1/2,平局
r n b q k b n r
p p p p . p p p
. . . . . . . .
. . . . p . . .
. . . . . . . P
. . . . . . . .
P P P P P P P .
R N B Q K B N R,84,0-1,获胜者 -1
r n b q k b n r
p p p . p p p p
. . . . . . . .
. . . p . . . .
. . . . . . . P
. . . . . . . .
P P P P P P P .
R N B Q K B N R,346,1/2-1/2,平局
r n b q k b n r
p p . p p p p p
. . . . . . . .
. . p . . . . .
. . . . . . . P
. . . . . . . .
P P P P P P P .
R N B Q K B N R,277,1/2-1/2,平局
r n b q k b n r
p . p p p p p p
. . . . . . . .
. p . . . . . .
. . . . . . . P
. . . . . . . .
P P P P P P P .
R N B Q K B N R,303,1/2-1/2,平局
r n b q k b n r
. p p p p p p p
. . . . . . . .
p . . . . . . .
. . . . . . . P
. . . . . . . .
P P P P P P P .
R N B Q K B N R,561,1/2-1/2,平局
r n b q k b . r
p p p p p p p p
. . . . . . . n
. . . . . . . .
. . . . . . P .
. . . . . . . .
P P P P P P . P
R N B Q K B N R,398,1/2-1/2,平局
r n b q k b . r
p p p p p p p p
. . . . . n . .
. . . . . . . .
. . . . . . P .
. . . . . . . .
P P P P P P . P
R N B Q K B N R,329,1/2-1/2,平局
r . b q k b n r
p p p p p p p p
. . n . . . . .
. . . . . . . .
. . . . . . P .
. . . . . . . .
P P P P P P . P
R N B Q K B N R,627,1/2-1/2,平局
r . b q k b n r
p p p p p p p p
n . . . . . . .
. . . . . . . .
. . . . . . P .
. . . . . . . .
P P P P P P . P
R N B Q K B N R,518,1/2-1/2,平局
r n b q k b n r
p p p p p p p .
. . . . . . . p
. . . . . . . .
. . . . . . P .
. . . . . . . .
P P P P P P . P
R N B Q K B N R,348,1/2-1/2,平局
r n b q k b n r
p p p p p p . p
. . . . . . p .
. . . . . . . .
. . . . . . P .
. . . . . . . .
P P P P P P . P
R N B Q K B N R,452,1/2-1/2,平局
r n b q k b n r
p p p p p . p p
. . . . . p . .
. . . . . . . .
. . . . . . P .
. . . . . . . .
P P P P P P . P
R N B Q K B N R,233,1/2-1/2,平局
r n b q k b n r
p p p p . p p p
. . . . p . . .
. . . . . . . .
. . . . . . P .
. . . . . . . .
P P P P P P . P
R N B Q K B N R,4,0-1,获胜者 -1
r n b q k b n r
p p p . p p p p
. . . p . . . .
. . . . . . . .
. . . . . . P .
. . . . . . . .
P P P P P P . P
R N B Q K B N R,431,1/2-1/2,平局
r n b q k b n r
p p . p p p p p
. . p . . . . .
. . . . . . . .
. . . . . . P .
. . . . . . . .
P P P P P P . P
R N B Q K B N R,380,1/2-1/2,平局
r n b q k b n r
p . p p p p p p
. p . . . . . .
. . . . . . . .
. . . . . . P .
. . . . . . . .
P P P P P P . P
R N B Q K B N R,362,1/2-1/2,平局
r n b q k b n r
. p p p p p p p
p . . . . . . .
. . . . . . . .
. . . . . . P .
. . . . . . . .
P P P P P P . P
R N B Q K B N R,379,1/2-1/2,平局
r n b q k b n r
p p p p p p p .
. . . . . . . .
. . . . . . . p
. . . . . . P .
. . . . . . . .
P P P P P P . P
R N B Q K B N R,371,1/2-1/2,平局
r n b q k b n r
p p p p p p . p
. . . . . . . .
. . . . . . p .
. . . . . . P .
. . . . . . . .
P P P P P P . P
R N B Q K B N R,156,0-1,获胜者 -1
r n b q k b n r
p p p p p . p p
. . . . . . . .
. . . . . p . .
. . . . . . P .
. . . . . . . .
P P P P P P . P
R N B Q K B N R,230,1/2-1/2,平局
r n b q k b n r
p p p p . p p p
. . . . . . . .
. . . . p . . .
. . . . . . P .
. . . . . . . .
P P P P P P . P
R N B Q K B N R,416,1/2-1/2,平局
r n b q k b n r
p p p . p p p p
. . . . . . . .
. . . p . . . .
. . . . . . P .
. . . . . . . .
P P P P P P . P
R N B Q K B N R,346,1/2-1/2,平局
r n b q k b . r
p p p p p p p p
. . . . . . . n
. . . . . . . .
. . . . . P . .
. . . . . . . .
P P P P P . P P
R N B Q K B N R,401,1/2-1/2,平局
r n b q k b . r
p p p p p p p p
. . . . . n . .
. . . . . . . .
. . . . . P . .
. . . . . . . .
P P P P P . P P
R N B Q K B N R,447,1/2-1/2,平局
r . b q k b n r
p p p p p p p p
. . n . . . . .
. . . . . . . .
. . . . . P . .
. . . . . . . .
P P P P P . P P
R N B Q K B N R,368,1/2-1/2,平局
r . b q k b n r
p p p p p p p p
n . . . . . . .
. . . . . . . .
. . . . . P . .
. . . . . . . .
P P P P P . P P
R N B Q K B N R,611,1/2-1/2,平局
r n b q k b n r
p p p p p p p .
. . . . . . . p
. . . . . . . .
. . . . . P . .
. . . . . . . .
P P P P P . P P
R N B Q K B N R,341,1/2-1/2,平局
r n b q k b n r
p p p p p p . p
. . . . . . p .
. . . . . . . .
. . . . . P . .
. . . . . . . .
P P P P P . P P
R N B Q K B N R,339,1/2-1/2,平局
r n b q k b n r
p p p p p . p p
. . . . . p . .
. . . . . . . .
. . . . . P . .
. . . . . . . .
P P P P P . P P
R N B Q K B N R,464,1/2-1/2,平局
r n b q k b n r
p p p p . p p p
. . . . p . . .
. . . . . . . .
. . . . . P . .
. . . . . . . .
P P P P P . P P
R N B Q K B N R,283,1/2-1/2,平局
r n b q k b n r
p p p . p p p p
. . . p . . . .
. . . . . . . .
. . . . . P . .
. . . . . . . .
P P P P P . P P
R N B Q K B N R,101,1-0,获胜者 1
r n b q k b n r
p p . p p p p p
. . p . . . . .
. . . . . . . .
. . . . . P . .
. . . . . . . .
P P P P P . P P
R N B Q K B N R,322,1/2-1/2,平局
r n b q k b n r
p . p p p p p p
. p . . . . . .
. . . . . . . .
. . . . . P . .
. . . . . . . .
P P P P P . P P
R N B Q K B N R,168,0-1,获胜者 -1
r n b q k b n r
. p p p p p p p
p . . . . . . .
. . . . . . . .
. . . . . P . .
. . . . . . . .
P P P P P . P P
R N B Q K B N R,184,0-1,获胜者 -1
r n b q k b n r
p p p p p p p .
. . . . . . . .
. . . . . . . p
. . . . . P . .
. . . . . . . .
P P P P P . P P
R N B Q K B N R,454,1/2-1/2,平局
r n b q k b n r
p p p p p p . p
. . . . . . . .
. . . . . . p .
. . . . . P . .
. . . . . . . .
P P P P P . P P
R N B Q K B N R,315,1/2-1/2,平局
r n b q k b n r
p p p p p . p p
. . . . . . . .
. . . . . p . .
. . . . . P . .
. . . . . . . .
P P P P P . P P
R N B Q K B N R,452,1/2-1/2,平局
r n b q k b n r
p p p p . p p p
. . . . . . . .
. . . . p . . .
. . . . . P . .
. . . . . . . .
P P P P P . P P
R N B Q K B N R,264,1/2-1/2,平局
r n b q k b n r
p p p . p p p p
. . . . . . . .
. . . p . . . .
. . . . . P . .
. . . . . . . .
P P P P P . P P
R N B Q K B N R,548,1/2-1/2,平局
r n b q k b . r
p p p p p p p p
. . . . . . . n
. . . . . . . .
. . . . P . . .
. . . . . . . .
P P P P . P P P
R N B Q K B N R,317,1/2-1/2,平局
r n b q k b . r
p p p p p p p p
. . . . . n . .
. . . . . . . .
. . . . P . . .
. . . . . . . .
P P P P . P P P
R N B Q K B N R,517,1/2-1/2,平局
r . b q k b n r
p p p p p p p p
. . n . . . . .
. . . . . . . .
. . . . P . . .
. . . . . . . .
P P P P . P P P
R N B Q K B N R,237,1-0,获胜者 1
r . b q k b n r
p p p p p p p p
n . . . . . . .
. . . . . . . .
. . . . P . . .
. . . . . . . .
P P P P . P P P
R N B Q K B N R,354,1/2-1/2,平局
r n b q k b n r
p p p p p p p .
. . . . . . . p
. . . . . . . .
. . . . P . . .
. . . . . . . .
P P P P . P P P
R N B Q K B N R,383,1/2-1/2,平局
r n b q k b n r
p p p p p p . p
. . . . . . p .
. . . . . . . .
. . . . P . . .
. . . . . . . .
P P P P . P P P
R N B Q K B N R,458,1/2-1/2,平局
r n b q k b n r
p p p p p . p p
. . . . . p . .
. . . . . . . .
. . . . P . . .
. . . . . . . .
P P P P . P P P
R N B Q K B N R,451,1/2-1/2,平局
r n b q k b n r
p p p p . p p p
. . . . p . . .
. . . . . . . .
. . . . P . . .
. . . . . . . .
P P P P . P P P
R N B Q K B N R,356,1/2-1/2,平局
r n b q k b n r
p p p . p p p p
. . . p . . . .
. . . . . . . .
. . . . P . . .
. . . . . . . .
P P P P . P P P
R N B Q K B N R,145,1-0,获胜者 1
r n b q k b n r
p p . p p p p p
. . p . . . . .
. . . . . . . .
. . . . P . . .
. . . . . . . .
P P P P . P P P
R N B Q K B N R,141,1-0,获胜者 1
r n b q k b n r
p . p p p p p p
. p . . . . . .
. . . . . . . .
. . . . P . . .
. . . . . . . .
P P P P . P P P
R N B Q K B N R,105,1-0,获胜者 1
r n b q k b n r
. p p p p p p p
p . . . . . . .
. . . . . . . .
. . . . P . . .
. . . . . . . .
P P P P . P P P
R N B Q K B N R,324,1/2-1/2,平局
r n b q k b n r
p p p p p p p .
. . . . . . . .
. . . . . . . p
. . . . P . . .
. . . . . . . .
P P P P . P P P
R N B Q K B N R,298,1/2-1/2,平局
r n b q k b n r
p p p p p p . p
. . . . . . . .
. . . . . . p .
. . . . P . . .
. . . . . . . .
P P P P . P P P
R N B Q K B N R,413,1/2-1/2,平局
r n b q k b n r
p p p p p . p p
. . . . . . . .
. . . . . p . .
. . . . P . . .
. . . . . . . .
P P P P . P P P
R N B Q K B N R,324,1/2-1/2,平局
r n b q k b n r
p p p p . p p p
. . . . . . . .
. . . . p . . .
. . . . P . . .
. . . . . . . .
P P P P . P P P
R N B Q K B N R,306,1/2-1/2,平局
r n b q k b n r
p p p . p p p p
. . . . . . . .
. . . p . . . .
. . . . P . . .
. . . . . . . .
P P P P . P P P
R N B Q K B N R,285,1/2-1/2,平局
r n b q k b n r
p p . p p p p p
. . . . . . . .
. . p . . . . .
. . . . P . . .
. . . . . . . .
P P P P . P P P
R N B Q K B N R,302,1/2-1/2,平局
r n b q k b n r
p . p p p p p p
. . . . . . . .
. p . . . . . .
. . . . P . . .
. . . . . . . .
P P P P . P P P
R N B Q K B N R,161,1-0,获胜者 1
r n b q k b n r
. p p p p p p p
. . . . . . . .
p . . . . . . .
. . . . P . . .
. . . . . . . .
P P P P . P P P
R N B Q K B N R,377,1/2-1/2,平局
